{"stats":{"minecraft:picked_up":{"minecraft:stick":3,"minecraft:granite":7,"minecraft:oak_log":4},"minecraft:dropped":{"minecraft:granite":38,"minecraft:stick":3},"minecraft:custom":{"minecraft:time_since_rest":22486,"minecraft:crouch_one_cm":553,"minecraft:deaths":1,"minecraft:play_time":28826,"minecraft:sprint_one_cm":3457,"minecraft:walk_one_cm":17360,"minecraft:damage_taken":2085,"minecraft:damage_absorbed":10,"minecraft:sneak_time":265,"minecraft:walk_under_water_one_cm":1767,"minecraft:mob_kills":4,"minecraft:drop":41,"minecraft:jump":110,"minecraft:damage_dealt":477,"minecraft:leave_game":4,"minecraft:walk_on_water_one_cm":1118,"minecraft:time_since_death":22460,"minecraft:total_world_time":28826,"minecraft:climb_one_cm":441,"minecraft:interact_with_crafting_table":2,"minecraft:swim_one_cm":1135,"minecraft:fall_one_cm":7866,"minecraft:fly_one_cm":125892},"minecraft:killed_by":{"minecraft:creeper":1},"minecraft:mined":{"minecraft:grass":6,"minecraft:oak_log":4,"minecraft:oak_leaves":1,"minecraft:fern":2},"minecraft:used":{"minecraft:creeper_spawn_egg":1,"minecraft:crafting_table":2,"minecraft:zombie_spawn_egg":6,"minecraft:granite":31,"minecraft:totem_of_undying":1},"minecraft:killed":{"minecraft:zombie":3},"minecraft:crafted":{"minecraft:oak_planks":12,"minecraft:crafting_table":2,"minecraft:stick":8}},"DataVersion":3120}