{"stats":{"minecraft:picked_up":{"minecraft:birch_log":1,"minecraft:stick":4,"minecraft:granite":7,"minecraft:oak_log":5},"minecraft:dropped":{"minecraft:granite":38,"minecraft:stick":4},"minecraft:custom":{"minecraft:time_since_rest":25441,"minecraft:damage_taken":2085,"minecraft:crouch_one_cm":1970,"minecraft:damage_absorbed":10,"minecraft:play_time":31781,"minecraft:sprint_one_cm":5312,"minecraft:walk_one_cm":21747,"minecraft:deaths":1,"minecraft:sneak_time":613,"minecraft:walk_under_water_one_cm":1767,"minecraft:mob_kills":4,"minecraft:drop":42,"minecraft:jump":149,"minecraft:damage_dealt":477,"minecraft:leave_game":8,"minecraft:time_since_death":25415,"minecraft:walk_on_water_one_cm":1118,"minecraft:total_world_time":31781,"minecraft:climb_one_cm":441,"minecraft:swim_one_cm":1135,"minecraft:interact_with_crafting_table":2,"minecraft:fly_one_cm":139408,"minecraft:fall_one_cm":8820},"minecraft:killed_by":{"minecraft:creeper":1},"minecraft:mined":{"minecraft:grass":6,"minecraft:oak_log":5,"minecraft:birch_log":1,"minecraft:oak_leaves":1,"minecraft:fern":2},"minecraft:used":{"minecraft:creeper_spawn_egg":1,"minecraft:oak_leaves":36,"minecraft:crafting_table":3,"minecraft:oak_planks":4,"minecraft:zombie_spawn_egg":6,"minecraft:granite":31,"minecraft:totem_of_undying":1},"minecraft:killed":{"minecraft:zombie":3},"minecraft:crafted":{"minecraft:oak_planks":20,"minecraft:crafting_table":3,"minecraft:stick":8}},"DataVersion":3120}