{"stats":{"minecraft:picked_up":{"minecraft:granite":7,"minecraft:oak_log":3},"minecraft:dropped":{"minecraft:granite":38},"minecraft:custom":{"minecraft:time_since_rest":950,"minecraft:crouch_one_cm":531,"minecraft:deaths":1,"minecraft:play_time":7290,"minecraft:sprint_one_cm":1583,"minecraft:walk_one_cm":15359,"minecraft:damage_taken":2055,"minecraft:damage_absorbed":10,"minecraft:sneak_time":247,"minecraft:walk_under_water_one_cm":1557,"minecraft:mob_kills":4,"minecraft:drop":38,"minecraft:jump":83,"minecraft:damage_dealt":477,"minecraft:leave_game":3,"minecraft:walk_on_water_one_cm":972,"minecraft:time_since_death":924,"minecraft:total_world_time":7290,"minecraft:climb_one_cm":441,"minecraft:interact_with_crafting_table":1,"minecraft:swim_one_cm":1135,"minecraft:fall_one_cm":7030,"minecraft:fly_one_cm":42477},"minecraft:killed_by":{"minecraft:creeper":1},"minecraft:mined":{"minecraft:grass":4,"minecraft:oak_log":3,"minecraft:fern":2},"minecraft:used":{"minecraft:creeper_spawn_egg":1,"minecraft:crafting_table":1,"minecraft:zombie_spawn_egg":6,"minecraft:granite":30,"minecraft:totem_of_undying":1},"minecraft:killed":{"minecraft:zombie":3},"minecraft:crafted":{"minecraft:oak_planks":12,"minecraft:crafting_table":2,"minecraft:stick":8}},"DataVersion":3120}